,geodi10,All Other Thefts,Simple Assault,Theft From Motor Vehicle,Quarter
0,37119000300,0.0,3.999979550013696,2.714197100804481,1.0
1,37119000300,2.52626593553985,6.369529046181295,5.162652614878293,2.0
2,37119000300,6.151474980817612,8.044425331323517,5.298510761415742,3.0
3,37119000300,5.941673223782308,6.703838336118465,6.0726083202304135,4.0
4,37119000400,41.98981204542214,32.02316272164317,23.9668618697402,1.0
5,37119000400,21.657058730692416,27.074810611697913,18.273754861827662,2.0
6,37119000400,23.668599516587218,31.92871428437914,26.421925302157725,3.0
7,37119000400,25.036801022090355,30.046732384742008,23.56424025289288,4.0
8,37119000500,19.053478098115832,22.972152752353995,24.29660136252484,1.0
9,37119000500,21.63889788439609,20.999457458193387,23.49420602808084,2.0
10,37119000500,26.730488342930855,24.856990402421065,21.282772916407954,3.0
11,37119000500,20.154359799915415,28.730654951664718,30.650515887412176,4.0
12,37119000600,8.946324048517035,7.776217961218164,7.261506199239192,1.0
13,37119000600,9.143804367062664,11.195446639897469,10.780864599986804,2.0
14,37119000600,10.642895510235547,11.039657038445007,10.766447124272217,3.0
15,37119000600,11.411152086878955,12.514472676595632,14.349529030751981,4.0
16,37119000700,3.5678443133701405,6.158074086433252,4.936080601105781,1.0
17,37119000700,4.65251478023907,4.644818093383689,4.3006232226132965,2.0
18,37119000700,6.321017580338482,6.103937523531439,7.161749711997436,3.0
19,37119000700,7.949806948449316,9.430504721834334,10.802057856290375,4.0
20,37119000800,15.828915688489833,14.011362629365943,12.796849993728124,1.0
21,37119000800,13.64530411830838,12.490241160557769,11.933310877441967,2.0
22,37119000800,12.054113001938111,10.87340492036059,11.763464584058145,3.0
23,37119000800,17.09546658053508,16.854663451863694,16.75517308610013,4.0
24,37119000900,5.844140919729033,5.809090942641666,7.600308300353938,1.0
25,37119000900,8.480842977920453,8.12217545286664,7.178341269399688,2.0
26,37119000900,6.459289925418927,9.12981544374541,11.970373825662111,3.0
27,37119000900,9.948811486042562,13.716247005834534,17.683301186389784,4.0
28,37119001000,8.544856056936927,4.810958409634128,6.7003244984479196,1.0
29,37119001000,5.877580549208925,5.804467249390322,6.564623981549223,2.0
30,37119001000,13.489576951359677,9.38101015752681,11.924258134241063,3.0
31,37119001000,11.495765311280742,7.070097085996828,6.908525698170527,4.0
32,37119001100,9.485239405881298,7.449300540953387,6.850840413813993,1.0
33,37119001100,9.773733242307356,9.270145415058796,6.12759589420811,2.0
34,37119001100,11.206837354505828,11.014331224618118,9.176187917509825,3.0
35,37119001100,13.447711519249813,12.58706931814002,10.896536242450566,4.0
36,37119001200,8.037480061161391,8.607733685997893,10.262136874585348,1.0
37,37119001200,7.8446615339166845,21.732550164053226,22.312560355217283,2.0
38,37119001200,20.722515910386655,24.953222343664407,25.489498571668143,3.0
39,37119001200,23.059436859920353,23.577744022824337,28.639767735120124,4.0
40,37119001300,16.27582576125908,19.103896241878104,19.77141378426386,1.0
41,37119001300,28.016724954008893,31.58900278729755,28.389724802116064,2.0
42,37119001300,31.236299857848557,39.644392592493205,36.25343240200547,3.0
43,37119001300,35.65989222106421,41.51716261097358,38.88095863049636,4.0
44,37119001400,13.227842848238371,14.087147897473198,22.971804224508617,1.0
45,37119001400,29.15424378698222,32.294381861439604,35.82725571109854,2.0
46,37119001400,32.07313845617415,28.954057763928578,30.252045546027432,3.0
47,37119001400,28.127000796048172,23.650545600927767,23.298027644681618,4.0
48,37119001504,19.63521144636962,18.354142155036957,22.303562918166644,1.0
49,37119001504,24.88652652863137,25.33222528668088,31.661891041196274,2.0
50,37119001504,33.81636313344258,31.543405183876114,32.596929666147865,3.0
51,37119001504,31.46274142857093,28.776822259374843,30.834382985880126,4.0
52,37119001505,13.319005704662487,12.397122722036045,11.428405104145469,1.0
53,37119001505,10.851162764839101,11.983865514400227,11.321947255762092,2.0
54,37119001505,14.47940563759867,19.663712911634786,19.340865815860187,3.0
55,37119001505,18.79899966322706,19.21444646552886,18.79356585925255,4.0
56,37119001507,14.751887133167223,18.83549077974315,17.439761217640125,1.0
57,37119001507,25.034007527643475,25.018131848614697,24.060578842807843,2.0
58,37119001507,28.879231415021323,30.22673963961983,26.4967749509814,3.0
59,37119001507,28.791303488626944,28.53251203584238,21.68545094942891,4.0
60,37119001508,19.29881444665096,20.589814859940383,26.90955870389663,1.0
61,37119001508,27.688726290151656,24.954629773551698,27.318876858187895,2.0
62,37119001508,24.981210253742887,23.828909936719146,27.250360916184594,3.0
63,37119001508,28.567097106454188,22.8388706751572,17.828593657933983,4.0
64,37119001509,17.63594687056422,21.22959566883027,23.223960046454017,1.0
65,37119001509,27.01944769130777,25.407105877639225,20.903248870444294,2.0
66,37119001509,18.529303970008616,19.59255316001387,17.72767203859564,3.0
67,37119001509,16.482058033606755,11.665282156241787,10.782900777978593,4.0
68,37119001510,6.138735621054927,5.479315907735326,7.047352455554494,1.0
69,37119001510,9.212042202904897,6.530895710834428,8.493263476795708,2.0
70,37119001510,8.905589845807024,10.257880833192795,7.884110252461624,3.0
71,37119001510,7.7379787526181785,7.525324542350926,7.907293916844193,4.0
72,37119001603,8.90777512136386,15.170512871462954,16.38697542787184,1.0
73,37119001603,22.081241513265624,17.347075876711564,9.656347086338211,2.0
74,37119001603,13.038669593703627,9.12121363633721,8.970479577472705,3.0
75,37119001603,9.26703158578006,11.332916065146247,9.584651443994314,4.0
76,37119001605,5.869645589013869,6.784887025932312,9.13454759749938,1.0
77,37119001605,11.152353936881541,9.648783304911918,11.51222750608559,2.0
78,37119001605,9.257215373653093,7.8169848786681415,7.295994206215235,3.0
79,37119001605,5.773735140999404,6.60431717619773,6.1931230547652705,4.0
80,37119001606,18.7526860555842,23.007706713247316,20.377340324408586,1.0
81,37119001606,19.608024782737274,16.74028320126032,12.774661608478656,2.0
82,37119001606,10.972411860879163,10.187723736185985,8.862342677597898,3.0
83,37119001606,8.361157199074924,7.4386842637610275,6.659927156043041,4.0
84,37119001607,11.070155295906037,10.047383457331346,10.203309949882756,1.0
85,37119001607,11.96930851152115,10.823300484902608,9.77206887280037,2.0
86,37119001607,9.347123349224837,8.19739773514414,7.8291882550640635,3.0
87,37119001607,7.3097067949596815,6.486344417510101,7.342552483811289,4.0
88,37119001608,13.892993221489839,14.003668174549228,16.472331698349652,1.0
89,37119001608,16.66087455517862,14.656429428304268,13.301750588563472,2.0
90,37119001608,13.411605825733545,12.019179800665219,12.811797728496899,3.0
91,37119001608,11.428721376058851,11.185271503280276,12.523584954777844,4.0
92,37119001609,11.24470629838961,10.875571368262918,10.36734689119475,1.0
93,37119001609,9.258570900482404,8.622624546964238,6.500448664794967,2.0
94,37119001609,7.394282243255448,10.028293337876805,8.957927992062872,3.0
95,37119001609,8.487420015183396,8.012440880897238,9.104590077470938,4.0
96,37119001701,18.084978966833464,15.406013583241846,12.930404675281945,1.0
97,37119001701,12.029326875435885,13.112153974247924,14.72073304238616,2.0
98,37119001701,12.74366930997038,10.741899383328471,11.222238922801864,3.0
99,37119001701,9.791217603353141,9.198798889850837,8.276541045515783,4.0
100,37119001702,33.28384554006723,29.944492636258225,21.8223582216703,1.0
101,37119001702,21.840825870138932,22.63689633285895,18.053351818260147,2.0
102,37119001702,18.92603479646569,23.615338528938153,23.57586815338225,3.0
103,37119001702,25.161403768729244,28.286711286570267,22.65571250746054,4.0
104,37119001801,10.870619527856544,8.498558346440205,8.886813513123721,1.0
105,37119001801,8.783401777888217,7.144840987450788,7.582203070933934,2.0
106,37119001801,9.97820839177179,9.135199952193952,9.191523265152604,3.0
107,37119001801,9.061716711726866,7.913480754608681,7.73740422669668,4.0
108,37119001802,17.12348898205635,17.213158188158523,16.124202889039577,1.0
109,37119001802,15.628328922496552,15.024642334553224,13.859092348202246,2.0
110,37119001802,12.621549883651907,13.162410620790848,14.059025330315297,3.0
111,37119001802,12.772207718487955,12.217285928055443,12.281813335842795,4.0
112,37119001910,19.645056393292943,20.688770467492997,17.86149069411971,1.0
113,37119001910,17.366756636957597,19.176734332090902,16.265062212322935,2.0
114,37119001910,18.66770449094301,19.54906511462139,17.52312414537978,3.0
115,37119001910,17.341794965773005,17.347748167350844,17.347552718338704,4.0
116,37119001911,8.315866451902922,5.002264565075557,10.223775820010925,1.0
117,37119001911,7.609130175794446,9.567499647398355,8.9214267922772,2.0
118,37119001911,9.580407625483485,4.34084948817643,5.817706976504011,3.0
119,37119001911,6.749466174114096,7.337319239960095,7.708199643299191,4.0
120,37119001912,17.863546271840114,18.935771319275332,22.033317054892127,1.0
121,37119001912,21.15573841699964,17.978040743520392,16.836332046474748,2.0
122,37119001912,17.148221328846777,16.398460948725358,16.660138188426533,3.0
123,37119001912,16.568809039016774,16.600684235886913,16.589559330179625,4.0
124,37119001914,13.440978720776261,13.910568107308368,14.979601514946454,1.0
125,37119001914,15.28755475553994,16.018498956139855,16.387578099488124,2.0
126,37119001914,14.265614904970693,14.80244779588129,14.666635094931515,3.0
127,37119001914,14.700994185165323,14.692301720665029,14.694500816699723,4.0
128,37119001915,20.221351694763825,19.340355265259305,16.8968522490225,1.0
129,37119001915,18.33213334487303,20.56237055916546,20.191331904067958,2.0
130,37119001915,20.27944780126593,20.25852164914584,20.26349128409797,3.0
131,37119001915,20.262311073258648,20.262591354937015,20.26252479240716,4.0
132,37119001916,10.689956703145262,10.123117884179178,9.468981813508654,1.0
133,37119001916,6.22784813124073,7.180895232313455,7.588597518715391,2.0
134,37119001916,7.763007738472916,7.8376183692454875,7.869535915316011,3.0
135,37119001916,7.883189864312493,7.889030862326144,7.891529572245469,4.0
136,37119001917,11.880738330016392,13.562482082922502,13.42852275948789,1.0
137,37119001917,10.85147629060619,12.074860403930263,11.494091408568218,2.0
138,37119001917,11.76979600723051,11.63891259862818,11.701046007829481,3.0
139,37119001917,11.671549828136406,11.685552353149436,11.678905027672688,4.0
140,37119001918,17.267898274636575,15.115220281538647,15.174258425879101,1.0
141,37119001918,15.17474829159643,15.174752356229959,15.17475238995603,2.0
142,37119001918,15.17475239023587,15.174752390238192,15.174752390238211,3.0
143,37119001918,15.174752390238211,15.174752390238211,15.174752390238211,4.0
144,37119001919,7.768181053108201,7.853607392648106,7.855544045739966,1.0
145,37119001919,7.8555879505264565,7.855588945867483,7.855588968432307,2.0
146,37119001919,7.855588968943861,7.855588968955458,7.855588968955721,3.0
147,37119001919,7.855588968955727,7.855588968955727,7.855588968955727,4.0
148,37119001920,14.60961256184962,14.622938140173959,14.622240674126056,1.0
149,37119001920,14.622277179775278,14.622275269055137,14.622275369062987,2.0
150,37119001920,14.622275363828535,14.622275364102508,14.622275364088168,3.0
151,37119001920,14.62227536408892,14.62227536408888,14.622275364088882,4.0
152,37119001921,4.5128475290526415,4.512791116536291,4.512792980913682,1.0
153,37119001921,4.512792919297869,4.51279292133421,4.512792921266911,2.0
154,37119001921,4.512792921269135,4.512792921269061,4.512792921269064,3.0
155,37119001921,4.512792921269064,4.512792921269064,4.512792921269064,4.0
156,37119001922,10.277505455908294,10.282344257130424,10.281353118273726,1.0
157,37119001922,10.281556134721015,10.281514550559935,10.281523068305546,2.0
158,37119001922,10.281521323603034,10.281521680973047,10.281521607772415,3.0
159,37119001922,10.28152162276621,10.281521619695008,10.281521620324087,4.0
160,37119001923,6.762856954762803,6.762563654907239,6.762606686310112,1.0
161,37119001923,6.762600372970374,6.762601299230174,6.762601163334237,2.0
162,37119001923,6.76260118327217,6.762601180346982,6.76260118077615,3.0
163,37119001923,6.762601180713184,6.762601180722422,6.762601180721067,4.0
164,37119002002,7.1075798020738805,7.1075771403436265,7.1075774538194985,1.0
165,37119002002,7.107577416900986,7.1075774212489335,7.107577420736869,2.0
166,37119002002,7.107577420797176,7.107577420790073,7.10757742079091,3.0
167,37119002002,7.107577420790811,7.107577420790823,7.107577420790821,4.0
168,37119002003,6.795818051634806,6.796118197267459,6.796196842701857,1.0
169,37119002003,6.7962174497128505,6.7962228492494585,6.79622426405899,2.0
170,37119002003,6.796224634773397,6.796224731909562,6.796224757361593,3.0
171,37119002003,6.796224764030642,6.796224765778095,6.796224766235969,4.0
172,37119002004,7.756112877515981,7.752758840628465,7.7542862082738555,1.0
173,37119002004,7.7535906727140445,7.753907407009433,7.7537631719484645,2.0
174,37119002004,7.753828853982635,7.753798943574003,7.753812564232313,3.0
175,37119002004,7.753806361631236,7.753809186183417,7.753807899933516,4.0
176,37119002100,3.510951855401214,3.510951855401211,3.510951855401211,1.0
177,37119002100,3.510951855401211,3.510951855401211,3.510951855401211,2.0
178,37119002100,3.510951855401211,3.510951855401211,3.510951855401211,3.0
179,37119002100,3.510951855401211,3.510951855401211,3.510951855401211,4.0
180,37119002200,10.241246071444813,10.241247397764713,10.24124768207426,1.0
181,37119002200,10.241247743018771,10.241247756082819,10.241247758883224,2.0
182,37119002200,10.24124775948352,10.241247759612198,10.241247759639782,3.0
183,37119002200,10.241247759645695,10.241247759646964,10.241247759647235,4.0
184,37119002300,21.624175736144615,21.62417573062425,21.62417573139334,1.0
185,37119002300,21.62417573128619,21.62417573130112,21.62417573129904,2.0
186,37119002300,21.62417573129933,21.624175731299292,21.6241757312993,3.0
187,37119002300,21.6241757312993,21.6241757312993,21.6241757312993,4.0
188,37119002400,8.274692199665175,8.274692211098042,8.274692208695626,1.0
189,37119002400,8.27469220920045,8.27469220909437,8.274692209116662,2.0
190,37119002400,8.274692209111977,8.274692209112962,8.274692209112755,3.0
191,37119002400,8.274692209112798,8.27469220911279,8.274692209112791,4.0
192,37119002500,15.34184214055467,15.341842328579869,15.341842270787685,1.0
193,37119002500,15.341842288550923,15.341842283091143,15.341842284769283,2.0
194,37119002500,15.341842284253483,15.34184228441202,15.341842284363292,3.0
195,37119002500,15.34184228437827,15.341842284373666,15.341842284375081,4.0
196,37119002600,4.655378823049293,4.655378823053336,4.655378823053942,1.0
197,37119002600,4.655378823054033,4.655378823054046,4.655378823054048,2.0
198,37119002600,4.655378823054048,4.655378823054048,4.655378823054048,3.0
199,37119002600,4.655378823054048,4.655378823054048,4.655378823054048,4.0
200,37119002701,3.8819739239581255,3.8819739264801267,3.881973925848689,1.0
201,37119002701,3.881973926006783,3.881973925967201,3.8819739259771113,2.0
202,37119002701,3.88197392597463,3.8819739259752515,3.881973925975096,3.0
203,37119002701,3.881973925975135,3.8819739259751254,3.8819739259751276,4.0
204,37119002702,2.969331745130019,2.969331744445756,2.969331744669285,1.0
205,37119002702,2.9693317445962646,2.9693317446201184,2.969331744612326,2.0
206,37119002702,2.9693317446148715,2.96933174461404,2.969331744614312,3.0
207,37119002702,2.969331744614223,2.969331744614252,2.9693317446142427,4.0
208,37119002800,3.119377635971494,3.1193776359693417,3.1193776359698377,1.0
209,37119002800,3.119377635969723,3.1193776359697494,3.119377635969743,2.0
210,37119002800,3.1193776359697445,3.119377635969744,3.119377635969744,3.0
211,37119002800,3.119377635969744,3.119377635969744,3.119377635969744,4.0
212,37119002903,4.924954405512451,4.924954405512451,4.924954405512451,1.0
213,37119002903,4.924954405512451,4.924954405512451,4.924954405512451,2.0
214,37119002903,4.924954405512451,4.924954405512451,4.924954405512451,3.0
215,37119002903,4.924954405512451,4.924954405512451,4.924954405512451,4.0
216,37119002904,7.643549421474881,7.643549421474881,7.643549421474881,1.0
217,37119002904,7.643549421474881,7.643549421474881,7.643549421474881,2.0
218,37119002904,7.643549421474881,7.643549421474881,7.643549421474881,3.0
219,37119002904,7.643549421474881,7.643549421474881,7.643549421474881,4.0
220,37119002905,2.837404555907516,2.837404555907516,2.837404555907516,1.0
221,37119002905,2.837404555907516,2.837404555907516,2.837404555907516,2.0
222,37119002905,2.837404555907516,2.837404555907516,2.837404555907516,3.0
223,37119002905,2.837404555907516,2.837404555907516,2.837404555907516,4.0
224,37119002906,25.718306260910584,25.718306260910584,25.718306260910584,1.0
225,37119002906,25.718306260910584,25.718306260910584,25.718306260910584,2.0
226,37119002906,25.718306260910584,25.718306260910584,25.718306260910584,3.0
227,37119002906,25.718306260910584,25.718306260910584,25.718306260910584,4.0
228,37119003006,2.6421422681854163,2.642142268185272,2.642142268185309,1.0
229,37119003006,2.6421422681852995,2.6421422681853017,2.6421422681853013,2.0
230,37119003006,2.6421422681853013,2.6421422681853013,2.6421422681853013,3.0
231,37119003006,2.6421422681853013,2.6421422681853013,2.6421422681853013,4.0
232,37119003007,3.8968586178558273,3.8968586178901146,3.8968586178788067,1.0
233,37119003007,3.8968586178825357,3.896858617881306,3.8968586178817115,2.0
234,37119003007,3.896858617881578,3.896858617881622,3.896858617881607,3.0
235,37119003007,3.896858617881612,3.8968586178816103,3.8968586178816107,4.0
236,37119003008,5.089019460856074,5.089019460312866,5.089019460527246,1.0
237,37119003008,5.08901946044264,5.08901946047603,5.089019460462852,2.0
238,37119003008,5.0890194604680525,5.089019460466,5.08901946046681,3.0
239,37119003008,5.08901946046649,5.089019460466616,5.089019460466567,4.0
240,37119003011,7.11377296133925,7.113772961339275,7.113772961339268,1.0
241,37119003011,7.1137729613392695,7.113772961339269,7.113772961339269,2.0
242,37119003011,7.113772961339269,7.113772961339269,7.113772961339269,3.0
243,37119003011,7.113772961339269,7.113772961339269,7.113772961339269,4.0
244,37119003012,4.362341051087073,4.362341051087073,4.362341051087073,1.0
245,37119003012,4.362341051087073,4.362341051087073,4.362341051087073,2.0
246,37119003012,4.362341051087073,4.362341051087073,4.362341051087073,3.0
247,37119003012,4.362341051087073,4.362341051087073,4.362341051087073,4.0
248,37119003013,3.728980099469692,3.728980099469692,3.728980099469692,1.0
249,37119003013,3.728980099469692,3.728980099469692,3.728980099469692,2.0
250,37119003013,3.728980099469692,3.728980099469692,3.728980099469692,3.0
251,37119003013,3.728980099469692,3.728980099469692,3.728980099469692,4.0
252,37119003015,2.8170879772045616,2.8170879772045616,2.8170879772045616,1.0
253,37119003015,2.8170879772045616,2.8170879772045616,2.8170879772045616,2.0
254,37119003015,2.8170879772045616,2.8170879772045616,2.8170879772045616,3.0
255,37119003015,2.8170879772045616,2.8170879772045616,2.8170879772045616,4.0
256,37119003016,5.1012447445598985,5.1012447445598985,5.1012447445598985,1.0
257,37119003016,5.1012447445598985,5.1012447445598985,5.1012447445598985,2.0
258,37119003016,5.1012447445598985,5.1012447445598985,5.1012447445598985,3.0
259,37119003016,5.1012447445598985,5.1012447445598985,5.1012447445598985,4.0
260,37119003017,1.8085839987029564,1.8085839987029564,1.8085839987029564,1.0
261,37119003017,1.8085839987029564,1.8085839987029564,1.8085839987029564,2.0
262,37119003017,1.8085839987029564,1.8085839987029564,1.8085839987029564,3.0
263,37119003017,1.8085839987029564,1.8085839987029564,1.8085839987029564,4.0
264,37119003018,2.1655842180980795,2.1655842180980795,2.1655842180980795,1.0
265,37119003018,2.1655842180980795,2.1655842180980795,2.1655842180980795,2.0
266,37119003018,2.1655842180980795,2.1655842180980795,2.1655842180980795,3.0
267,37119003018,2.1655842180980795,2.1655842180980795,2.1655842180980795,4.0
268,37119003102,9.107369648209515,9.107369648209515,9.107369648209515,1.0
269,37119003102,9.107369648209515,9.107369648209515,9.107369648209515,2.0
270,37119003102,9.107369648209515,9.107369648209515,9.107369648209515,3.0
271,37119003102,9.107369648209515,9.107369648209515,9.107369648209515,4.0
272,37119003103,10.683012545807848,10.683012545807848,10.683012545807848,1.0
273,37119003103,10.683012545807848,10.683012545807848,10.683012545807848,2.0
274,37119003103,10.683012545807848,10.683012545807848,10.683012545807848,3.0
275,37119003103,10.683012545807848,10.683012545807848,10.683012545807848,4.0
276,37119003105,4.44190716355529,4.44190716355529,4.44190716355529,1.0
277,37119003105,4.44190716355529,4.44190716355529,4.44190716355529,2.0
278,37119003105,4.44190716355529,4.44190716355529,4.44190716355529,3.0
279,37119003105,4.44190716355529,4.44190716355529,4.44190716355529,4.0
280,37119003106,4.353735055617903,4.353735055617903,4.353735055617903,1.0
281,37119003106,4.353735055617903,4.353735055617903,4.353735055617903,2.0
282,37119003106,4.353735055617903,4.353735055617903,4.353735055617903,3.0
283,37119003106,4.353735055617903,4.353735055617903,4.353735055617903,4.0
284,37119003108,7.314139941312554,7.314139941312554,7.314139941312554,1.0
285,37119003108,7.314139941312554,7.314139941312554,7.314139941312554,2.0
286,37119003108,7.314139941312554,7.314139941312554,7.314139941312554,3.0
287,37119003108,7.314139941312554,7.314139941312554,7.314139941312554,4.0
288,37119003109,11.180839053090686,11.180839053090686,11.180839053090686,1.0
289,37119003109,11.180839053090686,11.180839053090686,11.180839053090686,2.0
290,37119003109,11.180839053090686,11.180839053090686,11.180839053090686,3.0
291,37119003109,11.180839053090686,11.180839053090686,11.180839053090686,4.0
292,37119003201,8.312497284233284,8.312497284233284,8.312497284233284,1.0
293,37119003201,8.312497284233284,8.312497284233284,8.312497284233284,2.0
294,37119003201,8.312497284233284,8.312497284233284,8.312497284233284,3.0
295,37119003201,8.312497284233284,8.312497284233284,8.312497284233284,4.0
296,37119003203,4.38885924583945,4.38885924583945,4.38885924583945,1.0
297,37119003203,4.38885924583945,4.38885924583945,4.38885924583945,2.0
298,37119003203,4.38885924583945,4.38885924583945,4.38885924583945,3.0
299,37119003203,4.38885924583945,4.38885924583945,4.38885924583945,4.0
300,37119003204,7.69115804305892,7.69115804305892,7.69115804305892,1.0
301,37119003204,7.69115804305892,7.69115804305892,7.69115804305892,2.0
302,37119003204,7.69115804305892,7.69115804305892,7.69115804305892,3.0
303,37119003204,7.69115804305892,7.69115804305892,7.69115804305892,4.0
304,37119003300,12.477453667952673,12.477453667952673,12.477453667952673,1.0
305,37119003300,12.477453667952673,12.477453667952673,12.477453667952673,2.0
306,37119003300,12.477453667952673,12.477453667952673,12.477453667952673,3.0
307,37119003300,12.477453667952673,12.477453667952673,12.477453667952673,4.0
308,37119003400,20.89881921695237,20.89881921695237,20.89881921695237,1.0
309,37119003400,20.89881921695237,20.89881921695237,20.89881921695237,2.0
310,37119003400,20.89881921695237,20.89881921695237,20.89881921695237,3.0
311,37119003400,20.89881921695237,20.89881921695237,20.89881921695237,4.0
312,37119003500,14.979227271573908,14.979227271573908,14.979227271573908,1.0
313,37119003500,14.979227271573908,14.979227271573908,14.979227271573908,2.0
314,37119003500,14.979227271573908,14.979227271573908,14.979227271573908,3.0
315,37119003500,14.979227271573908,14.979227271573908,14.979227271573908,4.0
316,37119003600,22.270995991452683,22.270995991452683,22.270995991452683,1.0
317,37119003600,22.270995991452683,22.270995991452683,22.270995991452683,2.0
318,37119003600,22.270995991452683,22.270995991452683,22.270995991452683,3.0
319,37119003600,22.270995991452683,22.270995991452683,22.270995991452683,4.0
320,37119003700,18.866749241680377,18.866749241680377,18.866749241680377,1.0
321,37119003700,18.866749241680377,18.866749241680377,18.866749241680377,2.0
322,37119003700,18.866749241680377,18.866749241680377,18.866749241680377,3.0
323,37119003700,18.866749241680377,18.866749241680377,18.866749241680377,4.0
324,37119003802,27.795156128500935,27.795156128500935,27.795156128500935,1.0
325,37119003802,27.795156128500935,27.795156128500935,27.795156128500935,2.0
326,37119003802,27.795156128500935,27.795156128500935,27.795156128500935,3.0
327,37119003802,27.795156128500935,27.795156128500935,27.795156128500935,4.0
328,37119003805,13.640938677472382,13.640938677472382,13.640938677472382,1.0
329,37119003805,13.640938677472382,13.640938677472382,13.640938677472382,2.0
330,37119003805,13.640938677472382,13.640938677472382,13.640938677472382,3.0
331,37119003805,13.640938677472382,13.640938677472382,13.640938677472382,4.0
332,37119003806,24.797250964685706,24.797250964685706,24.797250964685706,1.0
333,37119003806,24.797250964685706,24.797250964685706,24.797250964685706,2.0
334,37119003806,24.797250964685706,24.797250964685706,24.797250964685706,3.0
335,37119003806,24.797250964685706,24.797250964685706,24.797250964685706,4.0
336,37119003807,27.155104799085578,27.155104799085578,27.155104799085578,1.0
337,37119003807,27.155104799085578,27.155104799085578,27.155104799085578,2.0
338,37119003807,27.155104799085578,27.155104799085578,27.155104799085578,3.0
339,37119003807,27.155104799085578,27.155104799085578,27.155104799085578,4.0
340,37119003808,11.748310084474317,11.748310084474317,11.748310084474317,1.0
341,37119003808,11.748310084474317,11.748310084474317,11.748310084474317,2.0
342,37119003808,11.748310084474317,11.748310084474317,11.748310084474317,3.0
343,37119003808,11.748310084474317,11.748310084474317,11.748310084474317,4.0
344,37119003902,16.083838210158063,16.083838210158063,16.083838210158063,1.0
345,37119003902,16.083838210158063,16.083838210158063,16.083838210158063,2.0
346,37119003902,16.083838210158063,16.083838210158063,16.083838210158063,3.0
347,37119003902,16.083838210158063,16.083838210158063,16.083838210158063,4.0
348,37119003903,9.272796357408618,9.272796357408618,9.272796357408618,1.0
349,37119003903,9.272796357408618,9.272796357408618,9.272796357408618,2.0
350,37119003903,9.272796357408618,9.272796357408618,9.272796357408618,3.0
351,37119003903,9.272796357408618,9.272796357408618,9.272796357408618,4.0
352,37119004000,52.29135759138566,52.29135759138566,52.29135759138566,1.0
353,37119004000,52.29135759138566,52.29135759138566,52.29135759138566,2.0
354,37119004000,52.29135759138566,52.29135759138566,52.29135759138566,3.0
355,37119004000,52.29135759138566,52.29135759138566,52.29135759138566,4.0
356,37119004100,31.876992924971873,31.876992924971873,31.876992924971873,1.0
357,37119004100,31.876992924971873,31.876992924971873,31.876992924971873,2.0
358,37119004100,31.876992924971873,31.876992924971873,31.876992924971873,3.0
359,37119004100,31.876992924971873,31.876992924971873,31.876992924971873,4.0
360,37119004200,18.87207323807952,18.87207323807952,18.87207323807952,1.0
361,37119004200,18.87207323807952,18.87207323807952,18.87207323807952,2.0
362,37119004200,18.87207323807952,18.87207323807952,18.87207323807952,3.0
363,37119004200,18.87207323807952,18.87207323807952,18.87207323807952,4.0
364,37119004302,16.86086347707064,16.86086347707064,16.86086347707064,1.0
365,37119004302,16.86086347707064,16.86086347707064,16.86086347707064,2.0
366,37119004302,16.86086347707064,16.86086347707064,16.86086347707064,3.0
367,37119004302,16.86086347707064,16.86086347707064,16.86086347707064,4.0
368,37119004303,8.800995195208626,8.800995195208626,8.800995195208626,1.0
369,37119004303,8.800995195208626,8.800995195208626,8.800995195208626,2.0
370,37119004303,8.800995195208626,8.800995195208626,8.800995195208626,3.0
371,37119004303,8.800995195208626,8.800995195208626,8.800995195208626,4.0
372,37119004304,12.249059088616502,12.249059088616502,12.249059088616502,1.0
373,37119004304,12.249059088616502,12.249059088616502,12.249059088616502,2.0
374,37119004304,12.249059088616502,12.249059088616502,12.249059088616502,3.0
375,37119004304,12.249059088616502,12.249059088616502,12.249059088616502,4.0
376,37119004305,21.05668969425081,21.05668969425081,21.05668969425081,1.0
377,37119004305,21.05668969425081,21.05668969425081,21.05668969425081,2.0
378,37119004305,21.05668969425081,21.05668969425081,21.05668969425081,3.0
379,37119004305,21.05668969425081,21.05668969425081,21.05668969425081,4.0
380,37119004400,15.718027318664136,15.718027318664136,15.718027318664136,1.0
381,37119004400,15.718027318664136,15.718027318664136,15.718027318664136,2.0
382,37119004400,15.718027318664136,15.718027318664136,15.718027318664136,3.0
383,37119004400,15.718027318664136,15.718027318664136,15.718027318664136,4.0
384,37119004500,10.644476281882081,10.644476281882081,10.644476281882081,1.0
385,37119004500,10.644476281882081,10.644476281882081,10.644476281882081,2.0
386,37119004500,10.644476281882081,10.644476281882081,10.644476281882081,3.0
387,37119004500,10.644476281882081,10.644476281882081,10.644476281882081,4.0
388,37119004600,18.396698025660736,18.396698025660736,18.396698025660736,1.0
389,37119004600,18.396698025660736,18.396698025660736,18.396698025660736,2.0
390,37119004600,18.396698025660736,18.396698025660736,18.396698025660736,3.0
391,37119004600,18.396698025660736,18.396698025660736,18.396698025660736,4.0
392,37119004700,7.8464784950727715,7.8464784950727715,7.8464784950727715,1.0
393,37119004700,7.8464784950727715,7.8464784950727715,7.8464784950727715,2.0
394,37119004700,7.8464784950727715,7.8464784950727715,7.8464784950727715,3.0
395,37119004700,7.8464784950727715,7.8464784950727715,7.8464784950727715,4.0
396,37119004800,24.56612842030381,24.56612842030381,24.56612842030381,1.0
397,37119004800,24.56612842030381,24.56612842030381,24.56612842030381,2.0
398,37119004800,24.56612842030381,24.56612842030381,24.56612842030381,3.0
399,37119004800,24.56612842030381,24.56612842030381,24.56612842030381,4.0
400,37119004900,13.434163872233654,13.434163872233654,13.434163872233654,1.0
401,37119004900,13.434163872233654,13.434163872233654,13.434163872233654,2.0
402,37119004900,13.434163872233654,13.434163872233654,13.434163872233654,3.0
403,37119004900,13.434163872233654,13.434163872233654,13.434163872233654,4.0
404,37119005000,9.165842849871561,9.165842849871561,9.165842849871561,1.0
405,37119005000,9.165842849871561,9.165842849871561,9.165842849871561,2.0
406,37119005000,9.165842849871561,9.165842849871561,9.165842849871561,3.0
407,37119005000,9.165842849871561,9.165842849871561,9.165842849871561,4.0
408,37119005100,24.263122098705008,24.263122098705008,24.263122098705008,1.0
409,37119005100,24.263122098705008,24.263122098705008,24.263122098705008,2.0
410,37119005100,24.263122098705008,24.263122098705008,24.263122098705008,3.0
411,37119005100,24.263122098705008,24.263122098705008,24.263122098705008,4.0
412,37119005200,19.92146746569698,19.92146746569698,19.92146746569698,1.0
413,37119005200,19.92146746569698,19.92146746569698,19.92146746569698,2.0
414,37119005200,19.92146746569698,19.92146746569698,19.92146746569698,3.0
415,37119005200,19.92146746569698,19.92146746569698,19.92146746569698,4.0
416,37119005301,18.74005956111792,18.74005956111792,18.74005956111792,1.0
417,37119005301,18.74005956111792,18.74005956111792,18.74005956111792,2.0
418,37119005301,18.74005956111792,18.74005956111792,18.74005956111792,3.0
419,37119005301,18.74005956111792,18.74005956111792,18.74005956111792,4.0
420,37119005305,15.906901393574184,15.906901393574184,15.906901393574184,1.0
421,37119005305,15.906901393574184,15.906901393574184,15.906901393574184,2.0
422,37119005305,15.906901393574184,15.906901393574184,15.906901393574184,3.0
423,37119005305,15.906901393574184,15.906901393574184,15.906901393574184,4.0
424,37119005306,15.439848389133383,15.439848389133383,15.439848389133383,1.0
425,37119005306,15.439848389133383,15.439848389133383,15.439848389133383,2.0
426,37119005306,15.439848389133383,15.439848389133383,15.439848389133383,3.0
427,37119005306,15.439848389133383,15.439848389133383,15.439848389133383,4.0
428,37119005307,14.348888931116429,14.348888931116429,14.348888931116429,1.0
429,37119005307,14.348888931116429,14.348888931116429,14.348888931116429,2.0
430,37119005307,14.348888931116429,14.348888931116429,14.348888931116429,3.0
431,37119005307,14.348888931116429,14.348888931116429,14.348888931116429,4.0
432,37119005308,10.853871234709043,10.853871234709043,10.853871234709043,1.0
433,37119005308,10.853871234709043,10.853871234709043,10.853871234709043,2.0
434,37119005308,10.853871234709043,10.853871234709043,10.853871234709043,3.0
435,37119005308,10.853871234709043,10.853871234709043,10.853871234709043,4.0
436,37119005401,17.489378359014626,17.489378359014626,17.489378359014626,1.0
437,37119005401,17.489378359014626,17.489378359014626,17.489378359014626,2.0
438,37119005401,17.489378359014626,17.489378359014626,17.489378359014626,3.0
439,37119005401,17.489378359014626,17.489378359014626,17.489378359014626,4.0
440,37119005403,16.544789271184538,16.544789271184538,16.544789271184538,1.0
441,37119005403,16.544789271184538,16.544789271184538,16.544789271184538,2.0
442,37119005403,16.544789271184538,16.544789271184538,16.544789271184538,3.0
443,37119005403,16.544789271184538,16.544789271184538,16.544789271184538,4.0
444,37119005404,13.533469641473683,13.533469641473683,13.533469641473683,1.0
445,37119005404,13.533469641473683,13.533469641473683,13.533469641473683,2.0
446,37119005404,13.533469641473683,13.533469641473683,13.533469641473683,3.0
447,37119005404,13.533469641473683,13.533469641473683,13.533469641473683,4.0
448,37119005508,10.911649573739448,10.911649573739448,10.911649573739448,1.0
449,37119005508,10.911649573739448,10.911649573739448,10.911649573739448,2.0
450,37119005508,10.911649573739448,10.911649573739448,10.911649573739448,3.0
451,37119005508,10.911649573739448,10.911649573739448,10.911649573739448,4.0
452,37119005509,8.02797561960346,8.02797561960346,8.02797561960346,1.0
453,37119005509,8.02797561960346,8.02797561960346,8.02797561960346,2.0
454,37119005509,8.02797561960346,8.02797561960346,8.02797561960346,3.0
455,37119005509,8.02797561960346,8.02797561960346,8.02797561960346,4.0
456,37119005510,11.929491647445744,11.929491647445744,11.929491647445744,1.0
457,37119005510,11.929491647445744,11.929491647445744,11.929491647445744,2.0
458,37119005510,11.929491647445744,11.929491647445744,11.929491647445744,3.0
459,37119005510,11.929491647445744,11.929491647445744,11.929491647445744,4.0
460,37119005511,9.7307347061971,9.7307347061971,9.7307347061971,1.0
461,37119005511,9.7307347061971,9.7307347061971,9.7307347061971,2.0
462,37119005511,9.7307347061971,9.7307347061971,9.7307347061971,3.0
463,37119005511,9.7307347061971,9.7307347061971,9.7307347061971,4.0
464,37119005512,10.545270659651848,10.545270659651848,10.545270659651848,1.0
465,37119005512,10.545270659651848,10.545270659651848,10.545270659651848,2.0
466,37119005512,10.545270659651848,10.545270659651848,10.545270659651848,3.0
467,37119005512,10.545270659651848,10.545270659651848,10.545270659651848,4.0
468,37119005513,4.199700464362423,4.199700464362423,4.199700464362423,1.0
469,37119005513,4.199700464362423,4.199700464362423,4.199700464362423,2.0
470,37119005513,4.199700464362423,4.199700464362423,4.199700464362423,3.0
471,37119005513,4.199700464362423,4.199700464362423,4.199700464362423,4.0
472,37119005514,14.853569375001783,14.853569375001783,14.853569375001783,1.0
473,37119005514,14.853569375001783,14.853569375001783,14.853569375001783,2.0
474,37119005514,14.853569375001783,14.853569375001783,14.853569375001783,3.0
475,37119005514,14.853569375001783,14.853569375001783,14.853569375001783,4.0
476,37119005515,0.5457890497298974,0.5457890497298974,0.5457890497298974,1.0
477,37119005515,0.5457890497298974,0.5457890497298974,0.5457890497298974,2.0
478,37119005515,0.5457890497298974,0.5457890497298974,0.5457890497298974,3.0
479,37119005515,0.5457890497298974,0.5457890497298974,0.5457890497298974,4.0
480,37119005516,0.779983251698636,0.779983251698636,0.779983251698636,1.0
481,37119005516,0.779983251698636,0.779983251698636,0.779983251698636,2.0
482,37119005516,0.779983251698636,0.779983251698636,0.779983251698636,3.0
483,37119005516,0.779983251698636,0.779983251698636,0.779983251698636,4.0
484,37119005517,3.185172483221931,3.185172483221931,3.185172483221931,1.0
485,37119005517,3.185172483221931,3.185172483221931,3.185172483221931,2.0
486,37119005517,3.185172483221931,3.185172483221931,3.185172483221931,3.0
487,37119005517,3.185172483221931,3.185172483221931,3.185172483221931,4.0
488,37119005518,11.821825065970906,11.821825065970906,11.821825065970906,1.0
489,37119005518,11.821825065970906,11.821825065970906,11.821825065970906,2.0
490,37119005518,11.821825065970906,11.821825065970906,11.821825065970906,3.0
491,37119005518,11.821825065970906,11.821825065970906,11.821825065970906,4.0
492,37119005519,5.277659508053114,5.277659508053114,5.277659508053114,1.0
493,37119005519,5.277659508053114,5.277659508053114,5.277659508053114,2.0
494,37119005519,5.277659508053114,5.277659508053114,5.277659508053114,3.0
495,37119005519,5.277659508053114,5.277659508053114,5.277659508053114,4.0
496,37119005520,6.690295441503665,6.690295441503665,6.690295441503665,1.0
497,37119005520,6.690295441503665,6.690295441503665,6.690295441503665,2.0
498,37119005520,6.690295441503665,6.690295441503665,6.690295441503665,3.0
499,37119005520,6.690295441503665,6.690295441503665,6.690295441503665,4.0
500,37119005521,13.740225282673688,13.740225282673688,13.740225282673688,1.0
501,37119005521,13.740225282673688,13.740225282673688,13.740225282673688,2.0
502,37119005521,13.740225282673688,13.740225282673688,13.740225282673688,3.0
503,37119005521,13.740225282673688,13.740225282673688,13.740225282673688,4.0
504,37119005522,9.585693731481106,9.585693731481106,9.585693731481106,1.0
505,37119005522,9.585693731481106,9.585693731481106,9.585693731481106,2.0
506,37119005522,9.585693731481106,9.585693731481106,9.585693731481106,3.0
507,37119005522,9.585693731481106,9.585693731481106,9.585693731481106,4.0
508,37119005523,25.651251788526277,25.651251788526277,25.651251788526277,1.0
509,37119005523,25.651251788526277,25.651251788526277,25.651251788526277,2.0
510,37119005523,25.651251788526277,25.651251788526277,25.651251788526277,3.0
511,37119005523,25.651251788526277,25.651251788526277,25.651251788526277,4.0
512,37119005524,48.72876945168141,48.72876945168141,48.72876945168141,1.0
513,37119005524,48.72876945168141,48.72876945168141,48.72876945168141,2.0
514,37119005524,48.72876945168141,48.72876945168141,48.72876945168141,3.0
515,37119005524,48.72876945168141,48.72876945168141,48.72876945168141,4.0
516,37119005604,20.213771736444077,20.213771736444077,20.213771736444077,1.0
517,37119005604,20.213771736444077,20.213771736444077,20.213771736444077,2.0
518,37119005604,20.213771736444077,20.213771736444077,20.213771736444077,3.0
519,37119005604,20.213771736444077,20.213771736444077,20.213771736444077,4.0
520,37119005605,24.184352253956394,24.184352253956394,24.184352253956394,1.0
521,37119005605,24.184352253956394,24.184352253956394,24.184352253956394,2.0
522,37119005605,24.184352253956394,24.184352253956394,24.184352253956394,3.0
523,37119005605,24.184352253956394,24.184352253956394,24.184352253956394,4.0
524,37119005609,21.30934763767559,21.30934763767559,21.30934763767559,1.0
525,37119005609,21.30934763767559,21.30934763767559,21.30934763767559,2.0
526,37119005609,21.30934763767559,21.30934763767559,21.30934763767559,3.0
527,37119005609,21.30934763767559,21.30934763767559,21.30934763767559,4.0
528,37119005610,11.120811058293219,11.120811058293219,11.120811058293219,1.0
529,37119005610,11.120811058293219,11.120811058293219,11.120811058293219,2.0
530,37119005610,11.120811058293219,11.120811058293219,11.120811058293219,3.0
531,37119005610,11.120811058293219,11.120811058293219,11.120811058293219,4.0
532,37119005611,2.8863822667088823,2.8863822667088823,2.8863822667088823,1.0
533,37119005611,2.8863822667088823,2.8863822667088823,2.8863822667088823,2.0
534,37119005611,2.8863822667088823,2.8863822667088823,2.8863822667088823,3.0
535,37119005611,2.8863822667088823,2.8863822667088823,2.8863822667088823,4.0
536,37119005612,8.07306508533895,8.07306508533895,8.07306508533895,1.0
537,37119005612,8.07306508533895,8.07306508533895,8.07306508533895,2.0
538,37119005612,8.07306508533895,8.07306508533895,8.07306508533895,3.0
539,37119005612,8.07306508533895,8.07306508533895,8.07306508533895,4.0
540,37119005613,6.367558930546122,6.367558930546122,6.367558930546122,1.0
541,37119005613,6.367558930546122,6.367558930546122,6.367558930546122,2.0
542,37119005613,6.367558930546122,6.367558930546122,6.367558930546122,3.0
543,37119005613,6.367558930546122,6.367558930546122,6.367558930546122,4.0
544,37119005614,5.560457697593492,5.560457697593492,5.560457697593492,1.0
545,37119005614,5.560457697593492,5.560457697593492,5.560457697593492,2.0
546,37119005614,5.560457697593492,5.560457697593492,5.560457697593492,3.0
547,37119005614,5.560457697593492,5.560457697593492,5.560457697593492,4.0
548,37119005615,1.4439346412993446,1.4439346412993446,1.4439346412993446,1.0
549,37119005615,1.4439346412993446,1.4439346412993446,1.4439346412993446,2.0
550,37119005615,1.4439346412993446,1.4439346412993446,1.4439346412993446,3.0
551,37119005615,1.4439346412993446,1.4439346412993446,1.4439346412993446,4.0
552,37119005616,6.480227145711206,6.480227145711206,6.480227145711206,1.0
553,37119005616,6.480227145711206,6.480227145711206,6.480227145711206,2.0
554,37119005616,6.480227145711206,6.480227145711206,6.480227145711206,3.0
555,37119005616,6.480227145711206,6.480227145711206,6.480227145711206,4.0
556,37119005617,2.0602969731340646,2.0602969731340646,2.0602969731340646,1.0
557,37119005617,2.0602969731340646,2.0602969731340646,2.0602969731340646,2.0
558,37119005617,2.0602969731340646,2.0602969731340646,2.0602969731340646,3.0
559,37119005617,2.0602969731340646,2.0602969731340646,2.0602969731340646,4.0
560,37119005618,3.5494629232462693,3.5494629232462693,3.5494629232462693,1.0
561,37119005618,3.5494629232462693,3.5494629232462693,3.5494629232462693,2.0
562,37119005618,3.5494629232462693,3.5494629232462693,3.5494629232462693,3.0
563,37119005618,3.5494629232462693,3.5494629232462693,3.5494629232462693,4.0
564,37119005619,4.009086418089466,4.009086418089466,4.009086418089466,1.0
565,37119005619,4.009086418089466,4.009086418089466,4.009086418089466,2.0
566,37119005619,4.009086418089466,4.009086418089466,4.009086418089466,3.0
567,37119005619,4.009086418089466,4.009086418089466,4.009086418089466,4.0
568,37119005620,14.988304154402025,14.988304154402025,14.988304154402025,1.0
569,37119005620,14.988304154402025,14.988304154402025,14.988304154402025,2.0
570,37119005620,14.988304154402025,14.988304154402025,14.988304154402025,3.0
571,37119005620,14.988304154402025,14.988304154402025,14.988304154402025,4.0
572,37119005621,3.3091627706972875,3.3091627706972875,3.3091627706972875,1.0
573,37119005621,3.3091627706972875,3.3091627706972875,3.3091627706972875,2.0
574,37119005621,3.3091627706972875,3.3091627706972875,3.3091627706972875,3.0
575,37119005621,3.3091627706972875,3.3091627706972875,3.3091627706972875,4.0
576,37119005706,0.5832386853259892,0.5832386853259892,0.5832386853259892,1.0
577,37119005706,0.5832386853259892,0.5832386853259892,0.5832386853259892,2.0
578,37119005706,0.5832386853259892,0.5832386853259892,0.5832386853259892,3.0
579,37119005706,0.5832386853259892,0.5832386853259892,0.5832386853259892,4.0
580,37119005710,6.391091832509424,6.391091832509424,6.391091832509424,1.0
581,37119005710,6.391091832509424,6.391091832509424,6.391091832509424,2.0
582,37119005710,6.391091832509424,6.391091832509424,6.391091832509424,3.0
583,37119005710,6.391091832509424,6.391091832509424,6.391091832509424,4.0
584,37119005711,0.31191737319161067,0.31191737319161067,0.31191737319161067,1.0
585,37119005711,0.31191737319161067,0.31191737319161067,0.31191737319161067,2.0
586,37119005711,0.31191737319161067,0.31191737319161067,0.31191737319161067,3.0
587,37119005711,0.31191737319161067,0.31191737319161067,0.31191737319161067,4.0
588,37119005714,0.21738730247795482,0.21738730247795482,0.21738730247795482,1.0
589,37119005714,0.21738730247795482,0.21738730247795482,0.21738730247795482,2.0
590,37119005714,0.21738730247795482,0.21738730247795482,0.21738730247795482,3.0
591,37119005714,0.21738730247795482,0.21738730247795482,0.21738730247795482,4.0
592,37119005715,1.9117480163316893,1.9117480163316893,1.9117480163316893,1.0
593,37119005715,1.9117480163316893,1.9117480163316893,1.9117480163316893,2.0
594,37119005715,1.9117480163316893,1.9117480163316893,1.9117480163316893,3.0
595,37119005715,1.9117480163316893,1.9117480163316893,1.9117480163316893,4.0
596,37119005716,5.704739955072,5.704739955072,5.704739955072,1.0
597,37119005716,5.704739955072,5.704739955072,5.704739955072,2.0
598,37119005716,5.704739955072,5.704739955072,5.704739955072,3.0
599,37119005716,5.704739955072,5.704739955072,5.704739955072,4.0
600,37119005717,5.320431048275927,5.320431048275927,5.320431048275927,1.0
601,37119005717,5.320431048275927,5.320431048275927,5.320431048275927,2.0
602,37119005717,5.320431048275927,5.320431048275927,5.320431048275927,3.0
603,37119005717,5.320431048275927,5.320431048275927,5.320431048275927,4.0
604,37119005811,6.0340815083889074,6.0340815083889074,6.0340815083889074,1.0
605,37119005811,6.0340815083889074,6.0340815083889074,6.0340815083889074,2.0
606,37119005811,6.0340815083889074,6.0340815083889074,6.0340815083889074,3.0
607,37119005811,6.0340815083889074,6.0340815083889074,6.0340815083889074,4.0
608,37119005812,14.47991563547067,14.47991563547067,14.47991563547067,1.0
609,37119005812,14.47991563547067,14.47991563547067,14.47991563547067,2.0
610,37119005812,14.47991563547067,14.47991563547067,14.47991563547067,3.0
611,37119005812,14.47991563547067,14.47991563547067,14.47991563547067,4.0
612,37119005815,6.708499116640514,6.708499116640514,6.708499116640514,1.0
613,37119005815,6.708499116640514,6.708499116640514,6.708499116640514,2.0
614,37119005815,6.708499116640514,6.708499116640514,6.708499116640514,3.0
615,37119005815,6.708499116640514,6.708499116640514,6.708499116640514,4.0
616,37119005816,5.049654819059607,5.049654819059607,5.049654819059607,1.0
617,37119005816,5.049654819059607,5.049654819059607,5.049654819059607,2.0
618,37119005816,5.049654819059607,5.049654819059607,5.049654819059607,3.0
619,37119005816,5.049654819059607,5.049654819059607,5.049654819059607,4.0
620,37119005817,3.8338735723566693,3.8338735723566693,3.8338735723566693,1.0
621,37119005817,3.8338735723566693,3.8338735723566693,3.8338735723566693,2.0
622,37119005817,3.8338735723566693,3.8338735723566693,3.8338735723566693,3.0
623,37119005817,3.8338735723566693,3.8338735723566693,3.8338735723566693,4.0
624,37119005823,4.483383051418341,4.483383051418341,4.483383051418341,1.0
625,37119005823,4.483383051418341,4.483383051418341,4.483383051418341,2.0
626,37119005823,4.483383051418341,4.483383051418341,4.483383051418341,3.0
627,37119005823,4.483383051418341,4.483383051418341,4.483383051418341,4.0
628,37119005824,13.733101106572054,13.733101106572054,13.733101106572054,1.0
629,37119005824,13.733101106572054,13.733101106572054,13.733101106572054,2.0
630,37119005824,13.733101106572054,13.733101106572054,13.733101106572054,3.0
631,37119005824,13.733101106572054,13.733101106572054,13.733101106572054,4.0
632,37119005825,0.02644965505455707,0.02644965505455707,0.02644965505455707,1.0
633,37119005825,0.02644965505455707,0.02644965505455707,0.02644965505455707,2.0
634,37119005825,0.02644965505455707,0.02644965505455707,0.02644965505455707,3.0
635,37119005825,0.02644965505455707,0.02644965505455707,0.02644965505455707,4.0
636,37119005826,3.5100088169199744,3.5100088169199744,3.5100088169199744,1.0
637,37119005826,3.5100088169199744,3.5100088169199744,3.5100088169199744,2.0
638,37119005826,3.5100088169199744,3.5100088169199744,3.5100088169199744,3.0
639,37119005826,3.5100088169199744,3.5100088169199744,3.5100088169199744,4.0
640,37119005827,7.5956660949083785,7.5956660949083785,7.5956660949083785,1.0
641,37119005827,7.5956660949083785,7.5956660949083785,7.5956660949083785,2.0
642,37119005827,7.5956660949083785,7.5956660949083785,7.5956660949083785,3.0
643,37119005827,7.5956660949083785,7.5956660949083785,7.5956660949083785,4.0
644,37119005828,9.062929322731335,9.062929322731335,9.062929322731335,1.0
645,37119005828,9.062929322731335,9.062929322731335,9.062929322731335,2.0
646,37119005828,9.062929322731335,9.062929322731335,9.062929322731335,3.0
647,37119005828,9.062929322731335,9.062929322731335,9.062929322731335,4.0
648,37119005829,0.9446131879800084,0.9446131879800084,0.9446131879800084,1.0
649,37119005829,0.9446131879800084,0.9446131879800084,0.9446131879800084,2.0
650,37119005829,0.9446131879800084,0.9446131879800084,0.9446131879800084,3.0
651,37119005829,0.9446131879800084,0.9446131879800084,0.9446131879800084,4.0
652,37119005830,5.02667131176105,5.02667131176105,5.02667131176105,1.0
653,37119005830,5.02667131176105,5.02667131176105,5.02667131176105,2.0
654,37119005830,5.02667131176105,5.02667131176105,5.02667131176105,3.0
655,37119005830,5.02667131176105,5.02667131176105,5.02667131176105,4.0
656,37119005831,5.204696234808925,5.204696234808925,5.204696234808925,1.0
657,37119005831,5.204696234808925,5.204696234808925,5.204696234808925,2.0
658,37119005831,5.204696234808925,5.204696234808925,5.204696234808925,3.0
659,37119005831,5.204696234808925,5.204696234808925,5.204696234808925,4.0
660,37119005832,1.0726515270629993,1.0726515270629993,1.0726515270629993,1.0
661,37119005832,1.0726515270629993,1.0726515270629993,1.0726515270629993,2.0
662,37119005832,1.0726515270629993,1.0726515270629993,1.0726515270629993,3.0
663,37119005832,1.0726515270629993,1.0726515270629993,1.0726515270629993,4.0
664,37119005833,0.0,0.0,0.0,1.0
665,37119005833,0.0,0.0,0.0,2.0
666,37119005833,0.0,0.0,0.0,3.0
667,37119005833,0.0,0.0,0.0,4.0
668,37119005836,2.0955904424335707,2.0955904424335707,2.0955904424335707,1.0
669,37119005836,2.0955904424335707,2.0955904424335707,2.0955904424335707,2.0
670,37119005836,2.0955904424335707,2.0955904424335707,2.0955904424335707,3.0
671,37119005836,2.0955904424335707,2.0955904424335707,2.0955904424335707,4.0
672,37119005837,6.406034183771608,6.406034183771608,6.406034183771608,1.0
673,37119005837,6.406034183771608,6.406034183771608,6.406034183771608,2.0
674,37119005837,6.406034183771608,6.406034183771608,6.406034183771608,3.0
675,37119005837,6.406034183771608,6.406034183771608,6.406034183771608,4.0
676,37119005838,7.306563919853426,7.306563919853426,7.306563919853426,1.0
677,37119005838,7.306563919853426,7.306563919853426,7.306563919853426,2.0
678,37119005838,7.306563919853426,7.306563919853426,7.306563919853426,3.0
679,37119005838,7.306563919853426,7.306563919853426,7.306563919853426,4.0
680,37119005839,3.457414996000647,3.457414996000647,3.457414996000647,1.0
681,37119005839,3.457414996000647,3.457414996000647,3.457414996000647,2.0
682,37119005839,3.457414996000647,3.457414996000647,3.457414996000647,3.0
683,37119005839,3.457414996000647,3.457414996000647,3.457414996000647,4.0
684,37119005840,2.331662227979432,2.331662227979432,2.331662227979432,1.0
685,37119005840,2.331662227979432,2.331662227979432,2.331662227979432,2.0
686,37119005840,2.331662227979432,2.331662227979432,2.331662227979432,3.0
687,37119005840,2.331662227979432,2.331662227979432,2.331662227979432,4.0
688,37119005841,4.4194512217761,4.4194512217761,4.4194512217761,1.0
689,37119005841,4.4194512217761,4.4194512217761,4.4194512217761,2.0
690,37119005841,4.4194512217761,4.4194512217761,4.4194512217761,3.0
691,37119005841,4.4194512217761,4.4194512217761,4.4194512217761,4.0
692,37119005842,4.331159629669106,4.331159629669106,4.331159629669106,1.0
693,37119005842,4.331159629669106,4.331159629669106,4.331159629669106,2.0
694,37119005842,4.331159629669106,4.331159629669106,4.331159629669106,3.0
695,37119005842,4.331159629669106,4.331159629669106,4.331159629669106,4.0
696,37119005843,5.389089214811288,5.389089214811288,5.389089214811288,1.0
697,37119005843,5.389089214811288,5.389089214811288,5.389089214811288,2.0
698,37119005843,5.389089214811288,5.389089214811288,5.389089214811288,3.0
699,37119005843,5.389089214811288,5.389089214811288,5.389089214811288,4.0
700,37119005844,6.91004477076044,6.91004477076044,6.91004477076044,1.0
701,37119005844,6.91004477076044,6.91004477076044,6.91004477076044,2.0
702,37119005844,6.91004477076044,6.91004477076044,6.91004477076044,3.0
703,37119005844,6.91004477076044,6.91004477076044,6.91004477076044,4.0
704,37119005845,1.9724128112078563,1.9724128112078563,1.9724128112078563,1.0
705,37119005845,1.9724128112078563,1.9724128112078563,1.9724128112078563,2.0
706,37119005845,1.9724128112078563,1.9724128112078563,1.9724128112078563,3.0
707,37119005845,1.9724128112078563,1.9724128112078563,1.9724128112078563,4.0
708,37119005846,3.2518048250453977,3.2518048250453977,3.2518048250453977,1.0
709,37119005846,3.2518048250453977,3.2518048250453977,3.2518048250453977,2.0
710,37119005846,3.2518048250453977,3.2518048250453977,3.2518048250453977,3.0
711,37119005846,3.2518048250453977,3.2518048250453977,3.2518048250453977,4.0
712,37119005847,3.3273434094810876,3.3273434094810876,3.3273434094810876,1.0
713,37119005847,3.3273434094810876,3.3273434094810876,3.3273434094810876,2.0
714,37119005847,3.3273434094810876,3.3273434094810876,3.3273434094810876,3.0
715,37119005847,3.3273434094810876,3.3273434094810876,3.3273434094810876,4.0
716,37119005848,2.0207382754287893,2.0207382754287893,2.0207382754287893,1.0
717,37119005848,2.0207382754287893,2.0207382754287893,2.0207382754287893,2.0
718,37119005848,2.0207382754287893,2.0207382754287893,2.0207382754287893,3.0
719,37119005848,2.0207382754287893,2.0207382754287893,2.0207382754287893,4.0
720,37119005906,7.2717222889872,7.2717222889872,7.2717222889872,1.0
721,37119005906,7.2717222889872,7.2717222889872,7.2717222889872,2.0
722,37119005906,7.2717222889872,7.2717222889872,7.2717222889872,3.0
723,37119005906,7.2717222889872,7.2717222889872,7.2717222889872,4.0
724,37119005907,6.971518073234776,6.971518073234776,6.971518073234776,1.0
725,37119005907,6.971518073234776,6.971518073234776,6.971518073234776,2.0
726,37119005907,6.971518073234776,6.971518073234776,6.971518073234776,3.0
727,37119005907,6.971518073234776,6.971518073234776,6.971518073234776,4.0
728,37119005908,3.333318826583842,3.333318826583842,3.333318826583842,1.0
729,37119005908,3.333318826583842,3.333318826583842,3.333318826583842,2.0
730,37119005908,3.333318826583842,3.333318826583842,3.333318826583842,3.0
731,37119005908,3.333318826583842,3.333318826583842,3.333318826583842,4.0
732,37119005909,7.1793171261418784,7.1793171261418784,7.1793171261418784,1.0
733,37119005909,7.1793171261418784,7.1793171261418784,7.1793171261418784,2.0
734,37119005909,7.1793171261418784,7.1793171261418784,7.1793171261418784,3.0
735,37119005909,7.1793171261418784,7.1793171261418784,7.1793171261418784,4.0
736,37119005910,8.768700777169373,8.768700777169373,8.768700777169373,1.0
737,37119005910,8.768700777169373,8.768700777169373,8.768700777169373,2.0
738,37119005910,8.768700777169373,8.768700777169373,8.768700777169373,3.0
739,37119005910,8.768700777169373,8.768700777169373,8.768700777169373,4.0
740,37119005911,5.166420410586867,5.166420410586867,5.166420410586867,1.0
741,37119005911,5.166420410586867,5.166420410586867,5.166420410586867,2.0
742,37119005911,5.166420410586867,5.166420410586867,5.166420410586867,3.0
743,37119005911,5.166420410586867,5.166420410586867,5.166420410586867,4.0
744,37119005912,17.54450925422119,17.54450925422119,17.54450925422119,1.0
745,37119005912,17.54450925422119,17.54450925422119,17.54450925422119,2.0
746,37119005912,17.54450925422119,17.54450925422119,17.54450925422119,3.0
747,37119005912,17.54450925422119,17.54450925422119,17.54450925422119,4.0
748,37119005913,11.082161364783996,11.082161364783996,11.082161364783996,1.0
749,37119005913,11.082161364783996,11.082161364783996,11.082161364783996,2.0
750,37119005913,11.082161364783996,11.082161364783996,11.082161364783996,3.0
751,37119005913,11.082161364783996,11.082161364783996,11.082161364783996,4.0
752,37119005914,8.50147548637813,8.50147548637813,8.50147548637813,1.0
753,37119005914,8.50147548637813,8.50147548637813,8.50147548637813,2.0
754,37119005914,8.50147548637813,8.50147548637813,8.50147548637813,3.0
755,37119005914,8.50147548637813,8.50147548637813,8.50147548637813,4.0
756,37119005915,7.076401451735702,7.076401451735702,7.076401451735702,1.0
757,37119005915,7.076401451735702,7.076401451735702,7.076401451735702,2.0
758,37119005915,7.076401451735702,7.076401451735702,7.076401451735702,3.0
759,37119005915,7.076401451735702,7.076401451735702,7.076401451735702,4.0
760,37119005916,15.234309919919479,15.234309919919479,15.234309919919479,1.0
761,37119005916,15.234309919919479,15.234309919919479,15.234309919919479,2.0
762,37119005916,15.234309919919479,15.234309919919479,15.234309919919479,3.0
763,37119005916,15.234309919919479,15.234309919919479,15.234309919919479,4.0
764,37119005917,7.360271067565377,7.360271067565377,7.360271067565377,1.0
765,37119005917,7.360271067565377,7.360271067565377,7.360271067565377,2.0
766,37119005917,7.360271067565377,7.360271067565377,7.360271067565377,3.0
767,37119005917,7.360271067565377,7.360271067565377,7.360271067565377,4.0
768,37119005918,5.2751052787533785,5.2751052787533785,5.2751052787533785,1.0
769,37119005918,5.2751052787533785,5.2751052787533785,5.2751052787533785,2.0
770,37119005918,5.2751052787533785,5.2751052787533785,5.2751052787533785,3.0
771,37119005918,5.2751052787533785,5.2751052787533785,5.2751052787533785,4.0
772,37119006005,6.358610690327706,6.358610690327706,6.358610690327706,1.0
773,37119006005,6.358610690327706,6.358610690327706,6.358610690327706,2.0
774,37119006005,6.358610690327706,6.358610690327706,6.358610690327706,3.0
775,37119006005,6.358610690327706,6.358610690327706,6.358610690327706,4.0
776,37119006006,19.020740810667984,19.020740810667984,19.020740810667984,1.0
777,37119006006,19.020740810667984,19.020740810667984,19.020740810667984,2.0
778,37119006006,19.020740810667984,19.020740810667984,19.020740810667984,3.0
779,37119006006,19.020740810667984,19.020740810667984,19.020740810667984,4.0
780,37119006007,8.257998806240552,8.257998806240552,8.257998806240552,1.0
781,37119006007,8.257998806240552,8.257998806240552,8.257998806240552,2.0
782,37119006007,8.257998806240552,8.257998806240552,8.257998806240552,3.0
783,37119006007,8.257998806240552,8.257998806240552,8.257998806240552,4.0
784,37119006008,4.670602240834971,4.670602240834971,4.670602240834971,1.0
785,37119006008,4.670602240834971,4.670602240834971,4.670602240834971,2.0
786,37119006008,4.670602240834971,4.670602240834971,4.670602240834971,3.0
787,37119006008,4.670602240834971,4.670602240834971,4.670602240834971,4.0
788,37119006009,5.188673839171587,5.188673839171587,5.188673839171587,1.0
789,37119006009,5.188673839171587,5.188673839171587,5.188673839171587,2.0
790,37119006009,5.188673839171587,5.188673839171587,5.188673839171587,3.0
791,37119006009,5.188673839171587,5.188673839171587,5.188673839171587,4.0
792,37119006010,12.053956810341113,12.053956810341113,12.053956810341113,1.0
793,37119006010,12.053956810341113,12.053956810341113,12.053956810341113,2.0
794,37119006010,12.053956810341113,12.053956810341113,12.053956810341113,3.0
795,37119006010,12.053956810341113,12.053956810341113,12.053956810341113,4.0
796,37119006103,8.13131482174077,8.13131482174077,8.13131482174077,1.0
797,37119006103,8.13131482174077,8.13131482174077,8.13131482174077,2.0
798,37119006103,8.13131482174077,8.13131482174077,8.13131482174077,3.0
799,37119006103,8.13131482174077,8.13131482174077,8.13131482174077,4.0
800,37119006104,20.419489938152626,20.419489938152626,20.419489938152626,1.0
801,37119006104,20.419489938152626,20.419489938152626,20.419489938152626,2.0
802,37119006104,20.419489938152626,20.419489938152626,20.419489938152626,3.0
803,37119006104,20.419489938152626,20.419489938152626,20.419489938152626,4.0
804,37119006105,4.140302030991267,4.140302030991267,4.140302030991267,1.0
805,37119006105,4.140302030991267,4.140302030991267,4.140302030991267,2.0
806,37119006105,4.140302030991267,4.140302030991267,4.140302030991267,3.0
807,37119006105,4.140302030991267,4.140302030991267,4.140302030991267,4.0
808,37119006106,23.513768736677903,23.513768736677903,23.513768736677903,1.0
809,37119006106,23.513768736677903,23.513768736677903,23.513768736677903,2.0
810,37119006106,23.513768736677903,23.513768736677903,23.513768736677903,3.0
811,37119006106,23.513768736677903,23.513768736677903,23.513768736677903,4.0
812,37119006107,16.065324444257588,16.065324444257588,16.065324444257588,1.0
813,37119006107,16.065324444257588,16.065324444257588,16.065324444257588,2.0
814,37119006107,16.065324444257588,16.065324444257588,16.065324444257588,3.0
815,37119006107,16.065324444257588,16.065324444257588,16.065324444257588,4.0
816,37119006108,10.923826543999615,10.923826543999615,10.923826543999615,1.0
817,37119006108,10.923826543999615,10.923826543999615,10.923826543999615,2.0
818,37119006108,10.923826543999615,10.923826543999615,10.923826543999615,3.0
819,37119006108,10.923826543999615,10.923826543999615,10.923826543999615,4.0
820,37119006109,7.570476584643167,7.570476584643167,7.570476584643167,1.0
821,37119006109,7.570476584643167,7.570476584643167,7.570476584643167,2.0
822,37119006109,7.570476584643167,7.570476584643167,7.570476584643167,3.0
823,37119006109,7.570476584643167,7.570476584643167,7.570476584643167,4.0
824,37119006204,0.17014768174027667,0.17014768174027667,0.17014768174027667,1.0
825,37119006204,0.17014768174027667,0.17014768174027667,0.17014768174027667,2.0
826,37119006204,0.17014768174027667,0.17014768174027667,0.17014768174027667,3.0
827,37119006204,0.17014768174027667,0.17014768174027667,0.17014768174027667,4.0
828,37119006213,1.8115840559280194,1.8115840559280194,1.8115840559280194,1.0
829,37119006213,1.8115840559280194,1.8115840559280194,1.8115840559280194,2.0
830,37119006213,1.8115840559280194,1.8115840559280194,1.8115840559280194,3.0
831,37119006213,1.8115840559280194,1.8115840559280194,1.8115840559280194,4.0
832,37119006215,0.2516124932657366,0.2516124932657366,0.2516124932657366,1.0
833,37119006215,0.2516124932657366,0.2516124932657366,0.2516124932657366,2.0
834,37119006215,0.2516124932657366,0.2516124932657366,0.2516124932657366,3.0
835,37119006215,0.2516124932657366,0.2516124932657366,0.2516124932657366,4.0
836,37119006302,1.3993364276806919,1.3993364276806919,1.3993364276806919,1.0
837,37119006302,1.3993364276806919,1.3993364276806919,1.3993364276806919,2.0
838,37119006302,1.3993364276806919,1.3993364276806919,1.3993364276806919,3.0
839,37119006302,1.3993364276806919,1.3993364276806919,1.3993364276806919,4.0
840,37119006304,0.9999974416781734,0.9999974416781734,0.9999974416781734,1.0
841,37119006304,0.9999974416781734,0.9999974416781734,0.9999974416781734,2.0
842,37119006304,0.9999974416781734,0.9999974416781734,0.9999974416781734,3.0
843,37119006304,0.9999974416781734,0.9999974416781734,0.9999974416781734,4.0
